portal,profile,status,title,company,location,url,discovered_at,gate_score,gate_reason,application_method,region,last_error
indeed,it,queued,"Data Scientist, Product Analytics | Scientifique de données en analyse de produits",Meta,"Vancouver, BC, CA",https://ca.indeed.com/viewjob?jk=bff6afbeba3c75c8,2026-07-13 01:06:14.708000,100,hard gate: eligible IT listing,unverified,METRO_VAN,
indeed,it,queued,Expert Animation Programmer (R&D),CD PROJEKT RED,"Vancouver, BC, CA",https://ca.indeed.com/viewjob?jk=28e8697d3e865d24,2026-07-13 01:06:14.590000,100,hard gate: eligible IT listing,easy_apply,METRO_VAN,
indeed,it,queued,"Software Development Engineer, Charge Calc",Amazon.com,"Vancouver, BC, CA",https://ca.indeed.com/viewjob?jk=4cb737ef6f80b937,2026-07-13 01:06:14.545000,100,hard gate: eligible IT listing,unverified,METRO_VAN,
indeed,it,queued,Frontend Engineer - AI Products,iCOUNTER,"Burnaby, BC, CA",https://ca.indeed.com/viewjob?jk=fef3d5e37617123b,2026-07-13 01:06:14.540000,100,hard gate: eligible IT listing,company_site,METRO_VAN,
indeed,it,queued,"Supervisor, Application Development",Seaspan ULC,"North Vancouver, BC, CA",https://ca.indeed.com/viewjob?jk=3f92c892b7990c22,2026-07-13 01:06:14.530000,100,hard gate: eligible IT listing,company_site,METRO_VAN,
indeed,it,queued,"Software Development Engineer, Alexa Connections",Amazon.com,"Vancouver, BC, CA",https://ca.indeed.com/viewjob?jk=295618ee6e4836b8,2026-07-13 01:06:14.520000,100,hard gate: eligible IT listing,unverified,METRO_VAN,
indeed,it,queued,Cloud Security Developer,Fortinet,"Burnaby, BC, CA",https://ca.indeed.com/viewjob?jk=ad1ea223fe7daf11,2026-07-13 01:06:14.505000,100,hard gate: eligible IT listing,company_site,METRO_VAN,
indeed,it,queued,"Research Developer (Applied AI), On-Device Inference Program",Electronic Arts,"Vancouver, BC, CA",https://ca.indeed.com/viewjob?jk=7b0cdb3841630cad,2026-07-13 01:06:14.500000,100,hard gate: eligible IT listing,unverified,METRO_VAN,
indeed,it,queued,"AI/ML Developer, IT",Canaccord Genuity Corp.,"Vancouver, BC, CA",https://ca.indeed.com/viewjob?jk=99c63b27036dcf17,2026-07-13 01:06:14.496000,100,hard gate: eligible IT listing,company_site,METRO_VAN,
indeed,it,queued,Front-End Developer,Norsat International Inc.,"Richmond, BC, CA",https://ca.indeed.com/viewjob?jk=96f5a4f9f1510dc1,2026-07-13 01:06:14.481000,100,hard gate: eligible IT listing,easy_apply,METRO_VAN,
indeed,it,queued,Imaging Informatics Coordinator P2BI,Provincial Health Services Authority (PHSA),"Vancouver, BC, CA",https://ca.indeed.com/viewjob?jk=8ba1aded79b4c358,2026-07-13 01:06:14.071000,100,hard gate: eligible IT listing,unverified,METRO_VAN,
indeed,it,queued,Software Engineer 4 (Backend Developer),Nutanix,"Vancouver, BC, CA",https://ca.indeed.com/viewjob?jk=f42887c7e91a7699,2026-07-13 01:06:13.812000,100,hard gate: eligible IT listing,company_site,METRO_VAN,
indeed,it,queued,Machine Learning Research Engineer,RBC,"Vancouver, BC, CA",https://ca.indeed.com/viewjob?jk=be8e6c387091afa3,2026-07-13 01:06:13.693000,100,hard gate: eligible IT listing,unverified,METRO_VAN,
indeed,it,queued,"Machine Learning Engineer, AICE - AI Center of Excellence",Amazon.com,"Vancouver, BC, CA",https://ca.indeed.com/viewjob?jk=a4fdce8f1fe45a59,2026-07-13 01:06:13.686000,100,hard gate: eligible IT listing,unverified,METRO_VAN,
indeed,it,queued,"Software Development Engineer, Alexa Screen Experience",Amazon.com,"Vancouver, BC, CA",https://ca.indeed.com/viewjob?jk=89cdb78cce4444bd,2026-07-13 01:06:13.629000,100,hard gate: eligible IT listing,unverified,METRO_VAN,
indeed,it,queued,QA Automation Developer,Thales,"Vancouver, BC, CA",https://ca.indeed.com/viewjob?jk=847002cc7b868cb1,2026-07-13 01:06:13.536000,100,hard gate: eligible IT listing,unverified,METRO_VAN,
indeed,it,queued,Software Engineer II - Full Stack,Microsoft,"Vancouver, BC, CA",https://ca.indeed.com/viewjob?jk=b31bce6543013ad2,2026-07-13 01:06:13.530000,100,hard gate: eligible IT listing,unverified,METRO_VAN,
indeed,it,queued,Backend Engineer - AI Products,iCOUNTER,"Burnaby, BC, CA",https://ca.indeed.com/viewjob?jk=c733d736e6538bae,2026-07-13 01:06:13.523000,100,hard gate: eligible IT listing,company_site,METRO_VAN,
indeed,it,queued,Associate Cloud Developer,BCAA,"Burnaby, BC, CA",https://ca.indeed.com/viewjob?jk=9791be786df60028,2026-07-13 01:06:13.492000,100,hard gate: eligible IT listing,company_site,METRO_VAN,
indeed,it,queued,Engineering Coop Student (Computer Science),British Columbia Rapid Transit Company,"Metro Vancouver Regional District, BC, CA",https://ca.indeed.com/viewjob?jk=7a17a7e3fd0d92b2,2026-07-13 01:06:13.455000,100,hard gate: eligible IT listing,unverified,METRO_VAN,
indeed,it,queued,Software Integration Engineer (Cybersecurity / Networking),OSI Maritime Systems,"Burnaby, BC, CA",https://ca.indeed.com/viewjob?jk=6c6cb9d1fb479473,2026-07-13 01:06:13.373000,100,hard gate: eligible IT listing,company_site,METRO_VAN,
indeed,it,queued,"Software Engineer, SCOT-Fulfillment Optimization",Amazon.com,"Vancouver, BC, CA",https://ca.indeed.com/viewjob?jk=f7366b8672963b3c,2026-07-13 01:06:13.362000,100,hard gate: eligible IT listing,unverified,METRO_VAN,
indeed,it,queued,"Software Engineer, SCOT-Fulfillment Optimization, Outbound Optimization",Amazon.com,"Vancouver, BC, CA",https://ca.indeed.com/viewjob?jk=b9f1bb087be138f4,2026-07-13 01:06:13.357000,100,hard gate: eligible IT listing,unverified,METRO_VAN,
indeed,it,queued,Digital Technology Specialist,BC Pavco,"Vancouver, BC, CA",https://ca.indeed.com/viewjob?jk=fda9c99dcb871264,2026-07-13 01:06:13.131000,100,hard gate: eligible IT listing,easy_apply,METRO_VAN,
indeed,it,queued,Backend Platform Engineer,"Wix.com, Inc.","Vancouver, BC, CA",https://ca.indeed.com/viewjob?jk=f76f9d311c9f3114,2026-07-13 01:06:12.971000,100,hard gate: eligible IT listing,easy_apply,METRO_VAN,
indeed,it,queued,Business Intelligence & Analytics Specialist,Nature's Path Foods,"Richmond, BC, CA",https://ca.indeed.com/viewjob?jk=d77b801e93daf614,2026-07-13 01:06:12.935000,100,hard gate: eligible IT listing,easy_apply,METRO_VAN,
indeed,it,queued,Production Data Analyst for Feature Animation - ILM Vancouver,Lucasfilm,"Vancouver, BC, CA",https://ca.indeed.com/viewjob?jk=caa6f5370d1be001,2026-07-13 01:06:11.894000,100,hard gate: eligible IT listing,unverified,METRO_VAN,
indeed,it,queued,"Software Development Engineer , Amazon Customer Service",Amazon.com,"Vancouver, BC, CA",https://ca.indeed.com/viewjob?jk=d75ef9733bcb4076,2026-07-13 01:06:11.707000,100,hard gate: eligible IT listing,unverified,METRO_VAN,
indeed,it,queued,Staff Software Engineer (Backend) - Everand Core,"Scribd, Inc.","Vancouver, BC, CA",https://ca.indeed.com/viewjob?jk=05c73e403ac7b9bc,2026-07-13 01:06:11.615000,100,hard gate: eligible IT listing,company_site,METRO_VAN,
indeed,it,queued,AI Integration & Automation Specialist,COLLINGWOOD SCHOOL,"West Vancouver, BC, CA",https://ca.indeed.com/viewjob?jk=6a76b1c66ead2302,2026-07-13 01:06:11.388000,100,hard gate: eligible IT listing,company_site,METRO_VAN,
indeed,it,queued,Advanced Data Analyst - EA SPORTS™ FC,Electronic Arts,"Vancouver, BC, CA",https://ca.indeed.com/viewjob?jk=57c89a700050dbe4,2026-07-13 01:06:11.329000,100,hard gate: eligible IT listing,unverified,METRO_VAN,
indeed,it,queued,"Software Development Engineer, AWS Amazon Connect - AI Voice Applications",Amazon.com,"Vancouver, BC, CA",https://ca.indeed.com/viewjob?jk=d022006569b2a310,2026-07-13 01:06:10.687000,100,hard gate: eligible IT listing,unverified,METRO_VAN,
indeed,it,queued,"HRIS Analyst, People Analytics & Governance",IREN,"Vancouver, BC, CA",https://ca.indeed.com/viewjob?jk=88cf2515030646b8,2026-07-13 01:06:10.647000,100,hard gate: eligible IT listing,unverified,METRO_VAN,
indeed,it,queued,SOC Analyst,Fortinet,"Burnaby, BC, CA",https://ca.indeed.com/viewjob?jk=ca62c96366412d6b,2026-07-13 01:06:10.640000,100,hard gate: eligible IT listing,company_site,METRO_VAN,
indeed,it,queued,Data Management Analyst,RBC,"Vancouver, BC, CA",https://ca.indeed.com/viewjob?jk=c835cf5a57e990ba,2026-07-13 01:06:10.559000,100,hard gate: eligible IT listing,unverified,METRO_VAN,
indeed,it,queued,Systems Analyst (PeopleSoft),City of Richmond (BC),"Richmond, BC, CA",https://ca.indeed.com/viewjob?jk=e3436d87b24ec2f3,2026-07-13 01:06:10.552000,100,hard gate: eligible IT listing,company_site,METRO_VAN,
indeed,it,queued,"Support Engineer, Selling Partner Financial Technology",Amazon.com,"Vancouver, BC, CA",https://ca.indeed.com/viewjob?jk=e66ce40fefa655d6,2026-07-13 01:06:10.501000,100,hard gate: eligible IT listing,unverified,METRO_VAN,
indeed,it,queued,Technical Support Engineer mit Fokus Operation (a),1stQuad Solutions,"Vancouver, BC, CA",https://ca.indeed.com/viewjob?jk=f0d776882ed81357,2026-07-13 01:06:10.495000,100,hard gate: eligible IT listing,unverified,METRO_VAN,
indeed,it,queued,Service Desk Supervisor- Onsite,Compugen Inc,"Surrey, BC, CA",https://ca.indeed.com/viewjob?jk=ccae30385f76d0e2,2026-07-13 01:06:10.488000,100,hard gate: eligible IT listing,unverified,METRO_VAN,
indeed,it,queued,Technology Deployment & Operations Technician - Information Technology Support A,School District #39 (Vancouver),"Vancouver, BC, CA",https://ca.indeed.com/viewjob?jk=1adf348954731ade,2026-07-13 01:06:10.481000,100,hard gate: eligible IT listing,unverified,METRO_VAN,
indeed,it,queued,Systems Analyst I,Seaspan ULC,"North Vancouver, BC, CA",https://ca.indeed.com/viewjob?jk=10efb697bc007c16,2026-07-13 01:06:10.468000,100,hard gate: eligible IT listing,company_site,METRO_VAN,
indeed,it,queued,SAP/Ariba Business Analyst (contract),Teck Resources Limited,"Vancouver, BC, CA",https://ca.indeed.com/viewjob?jk=1ba5c036d760b395,2026-07-13 01:06:10.460000,100,hard gate: eligible IT listing,unverified,METRO_VAN,
indeed,it,queued,"SAP Analytics Cloud (SAC) Developer, ERP Reporting & Analytics (contract)",Teck Resources Limited,"Vancouver, BC, CA",https://ca.indeed.com/viewjob?jk=31051e96a7e08c1c,2026-07-13 01:06:10.454000,100,hard gate: eligible IT listing,unverified,METRO_VAN,
indeed,it,queued,ERP Testing Specialist (contract),Teck Resources Limited,"Vancouver, BC, CA",https://ca.indeed.com/viewjob?jk=c2936fe8fcc53868,2026-07-13 01:06:10.447000,100,hard gate: eligible IT listing,unverified,METRO_VAN,
indeed,it,queued,"SAP Analyst, Supply Chain",Fortis BC,"Surrey, BC, CA",https://ca.indeed.com/viewjob?jk=6f7f457207c07684,2026-07-13 01:06:10.441000,100,hard gate: eligible IT listing,unverified,METRO_VAN,
indeed,it,queued,Enterprise Data Analyst,Cansure,"Vancouver, BC, CA",https://ca.indeed.com/viewjob?jk=85b603dbb594259e,2026-07-13 01:06:10.435000,100,hard gate: eligible IT listing,unverified,METRO_VAN,
indeed,it,queued,Data Analyst - 18 Month TFT,Electronic Arts,"Vancouver, BC, CA",https://ca.indeed.com/viewjob?jk=583d184a06433bcc,2026-07-13 01:06:10.430000,100,hard gate: eligible IT listing,unverified,METRO_VAN,
indeed,it,queued,Library Systems Coordinator - Technical & Resource Support E,School District #39 (Vancouver),"Vancouver, BC, CA",https://ca.indeed.com/viewjob?jk=5e425489fbba2f9a,2026-07-13 01:06:10.401000,100,hard gate: eligible IT listing,unverified,METRO_VAN,
indeed,it,queued,Information Technology Student,PCL Construction,"Richmond, BC, CA",https://ca.indeed.com/viewjob?jk=17dbb515bbb5cd7d,2026-07-13 01:06:10.356000,100,hard gate: eligible IT listing,unverified,METRO_VAN,
indeed,it,queued,"Software Analyst Intern (Fall 2026, 4/8/12 months)",Hitachi Energy,"Burnaby, BC, CA",https://ca.indeed.com/viewjob?jk=3452dbc841f9ee14,2026-07-13 01:06:10.106000,100,hard gate: eligible IT listing,company_site,METRO_VAN,
indeed,it,queued,26-P003 Student Work Placement Opportunity | Information Technology,City of Maple Ridge,"Maple Ridge, BC, CA",https://ca.indeed.com/viewjob?jk=61c26821a00766e7,2026-07-13 01:06:10.099000,100,hard gate: eligible IT listing,unverified,METRO_VAN,
indeed,it,queued,Software Development Engineer in Test II (SDET II),Best Buy,"Vancouver, BC, CA",https://ca.indeed.com/viewjob?jk=4dc553f0a3adab9f,2026-07-13 01:06:09.869000,100,hard gate: eligible IT listing,unverified,METRO_VAN,
indeed,it,queued,Infrastructure and Environments (BASIS) Analyst,Teck Resources Limited,"Vancouver, BC, CA",https://ca.indeed.com/viewjob?jk=57f5095bcbc1499a,2026-07-13 01:06:09.717000,100,hard gate: eligible IT listing,unverified,METRO_VAN,
indeed,it,queued,QA Specialist,QHR Technologies,"Vancouver, BC, CA",https://ca.indeed.com/viewjob?jk=45623ab53407388b,2026-07-13 01:06:09.713000,100,hard gate: eligible IT listing,easy_apply,METRO_VAN,
indeed,it,queued,QA Analyst - Intermediate,Insurance Corporation of British Columbia,"North Vancouver, BC, CA",https://ca.indeed.com/viewjob?jk=54505aa2d6385411,2026-07-13 01:06:09.688000,100,hard gate: eligible IT listing,unverified,METRO_VAN,
indeed,it,queued,Systems Administrator,Dawson Group,"Remote, CA",https://ca.indeed.com/viewjob?jk=0479089b2f554a65,2026-07-12 22:55:47.234000,85,IT target role,easy_apply,OTHER,
indeed,it,queued,QA Engineer – AI Augmented,CodeHire Global Solutions,"Remote, CA",https://ca.indeed.com/viewjob?jk=8e199b4672679d02,2026-07-11 06:26:20.281000,85,IT target role,easy_apply,OTHER,outside_metro_remote_easy_apply
indeed,it,queued,Clinical IT Business Analyst with EPIC & STORK exp. || REMOTE job.,,"Remote, CA",https://ca.indeed.com/viewjob?jk=57db8900780bec79,2026-07-11 06:25:47.317000,85,IT target role,easy_apply,OTHER,outside_metro_remote_easy_apply
indeed,it,queued,Undergraduate Co-op Student – Software Engineer – Large Molecule Discovery - Technology,Amgen,"Burnaby, BC, CA",https://ca.indeed.com/viewjob?jk=a42487bde6f1ee6f,2026-07-11 06:25:47.285000,85,IT target role,unverified,METRO_VAN,metro_van_apply_type_unverified_route_to_verification
indeed,it,queued,Operations Data Analyst,MDA,"Richmond, BC, CA",https://ca.indeed.com/viewjob?jk=20ac392c74fa9737,2026-07-11 06:24:39.850000,85,IT target role,unverified,METRO_VAN,metro_van_apply_type_unverified_route_to_verification
indeed,it,queued,IT Coordinator,RAM,"Vancouver, BC, CA",https://ca.indeed.com/viewjob?jk=3f9c63d75187914f,2026-07-11 02:39:47.174000,85,IT target role,easy_apply,METRO_VAN,metro_van_easy_apply
