applied_at_utc,portal,title,company,location,job_host,outcome,proof_id
2026-08-12T02:39:02.743000,workopolis,Full Stack Software Developer,Rolls Right Industries Ltd.,"Vancouver, BC",workopolis.com,applied,a6bef7ed067d
2026-08-12T02:36:33.531000,indeed,Clinic Assistant / Medical Administrative Assistant (MOA),Genetica Medical,"Vancouver, BC, CA",ca.indeed.com,applied,8b8c2d7a1ab5
2026-08-12T02:35:02.985000,indeed,Junior IT Support Specialist,Cloud Collective,"Vancouver, BC, CA",ca.indeed.com,applied,5c890f8596fb
2026-08-12T02:34:27.238000,indeed,Administrative Assistant,HCDF IMMIGRATION INC,"Burnaby, BC, CA",ca.indeed.com,applied,4516a3ac6fd6
2026-08-12T02:31:41.235000,indeed,"Designer/Engineer (FT Permanent, benefits + OT eligible)",SULZER (Rotating Equipment Services),"Burnaby, BC, CA",ca.indeed.com,applied,4e38428f2cdd
2026-08-12T02:31:37.034000,indeed,Environmental Stewardship Administrative Coordinator,Musqueam Indian Band,"Vancouver, BC, CA",ca.indeed.com,applied,89627f4226c2
2026-08-12T01:57:34.320000,linkedin,"Coordinator, Business Intelligence",St. Paul's Foundation,"Vancouver, British Columbia, Canada",linkedin.com,applied,d87482ddd014
2026-08-12T01:47:56.541000,workopolis,Access Control Network Technician,Ozz Electric BC Inc.,"Port Coquitlam, BC",workopolis.com,applied,0b557f68e8c8
2026-08-12T00:47:04.871000,linkedin,Office Administrative Assistant,Horseshoe Bay Health & Performance,"West Vancouver, British Columbia, Canada",linkedin.com,applied,2d8a2c4c9118
2026-08-12T00:45:52.852000,linkedin,Broadcast & Streaming Data Specialist,Knowledge Network Corporation,"Burnaby, British Columbia, Canada",linkedin.com,applied,dc367868028d
2026-08-12T00:42:10.213000,linkedin,Administrative Assistant,Ocean 6 Wealth Advisory,"Vancouver, British Columbia, Canada",linkedin.com,applied,651f3df5d817
2026-08-12T00:37:26.740000,linkedin,Software Development Engineer - Platform,Harvey Nash,"Vancouver, British Columbia, Canada",linkedin.com,applied,0ed43c589767
2026-08-12T00:34:56.964000,indeed,Administrative Assistant,Mechtronics Technology Inc. IMPEG,"Richmond, BC, CA",ca.indeed.com,applied,6e96d8262fa9
2026-08-12T00:17:21.577000,indeed,Administrative Assistant (part-time),Via Plumbing and Heating,"Richmond, BC, CA",ca.indeed.com,applied,dc9db0419bd1
2026-08-12T00:14:57.767000,indeed,Receptionist at Medical Aesthetics Clinic,"Dr.Eli Akbari, MD","West Vancouver, BC, CA",ca.indeed.com,applied,1a76afc37da3
2026-08-12T00:11:43.899000,indeed,Customer Service Agent - YVR airport,PrimeFlight Aviation,"Richmond, BC, CA",ca.indeed.com,applied,9666c209e579
2026-08-12T00:11:39.644000,indeed,Grid Components Technical Specialist,ABB,"Coquitlam, BC, CA",ca.indeed.com,applied,4e12c8dc558c
2026-08-12T00:08:27.686000,workopolis,ERP Analyst,TIMBER MART,"Langley, BC",workopolis.com,applied,fd328d137ffc
2026-08-12T00:05:20.670000,indeed,Receptionist/Administrator,Soundscape,"Langley, BC, CA",ca.indeed.com,applied,10c592aaae0c
2026-08-12T00:01:56.073000,indeed,Personal Administrative Assistant,Family Organization,"West Vancouver, BC, CA",ca.indeed.com,applied,44fba0830685
2026-08-12T00:00:26.378000,indeed,DevOps Manager,nan,"Surrey, BC, CA",ca.indeed.com,applied,05ccf61f6d82
2026-08-11T23:59:44.393000,indeed,Customer Service Representative,Milani Plumbing Heating & Air Conditioning Ltd.,"Burnaby, BC, CA",ca.indeed.com,applied,127576a5f4b1
2026-08-11T23:58:26.049000,workopolis,IT Administrator - Law Firm - $51299,R JOHNSON Legal Recruitment,"Vancouver, BC",workopolis.com,applied,5267450664bc
2026-08-11T23:57:46.355000,indeed,Office Assistant,Third Pole Immigration Services Inc.,"Surrey, BC, CA",ca.indeed.com,applied,d15e3db1bcc0
2026-08-11T23:57:14.950000,indeed,Control System Specialist,nan,"Surrey, BC, CA",ca.indeed.com,applied,0ae98ddfdd31
2026-08-11T23:55:40.394000,indeed,Part Time Receptionist needed for Chiropractic and Massage Therapy Clinic,Optimal Chiropractic and Massage Therapy,"Surrey, BC, CA",ca.indeed.com,applied,59994e322271
2026-08-11T23:35:23.029000,linkedin,Bilingual Customer Service Representative,Insight Global,"Vancouver, British Columbia, Canada",linkedin.com,applied,d128b032a387
2026-08-11T23:27:03.702000,linkedin,Client Services Associate | Cash Management Group,Canaccord Genuity Group Inc.,"Vancouver, British Columbia, Canada",linkedin.com,applied,b796b7583898
2026-08-11T23:24:46.253000,linkedin,Legal Administrative Assistant,Smith Legal Search,"Greater Vancouver, British Columbia, Canada",linkedin.com,applied,b2fd043c401c
2026-08-11T21:04:27.976000,google,IT & Data Support Specialist,KoBold Metals DRC,"Vancouver, BC",job-boards.greenhouse.io,applied,5f3c3344033c
2026-08-11T11:38:12.113000,workopolis,Business System Analyst,Lordco Auto Parts,"Port Coquitlam, BC",workopolis.com,applied,4a2007aac20e
2026-08-11T09:34:03.420000,workopolis,Intermediate Mining Data Analyst,MineSense,"Vancouver, BC",workopolis.com,applied,f1c2688eafd6
2026-08-11T09:09:18.511000,workopolis,Data Analyst,Convyta Partners LP,"Burnaby, BC",workopolis.com,applied,e8972aa4b5ba
2026-08-11T09:07:59.321000,workopolis,Data Analyst,Torus Talent Consultants LTD,"Coquitlam, BC",workopolis.com,applied,379f8ee5ddbf
2026-08-11T08:52:12.029000,workopolis,Technical Privacy Analyst,Mark Anthony Group Inc. - Canada,"Vancouver, BC",workopolis.com,applied,38e67f32646a
2026-08-11T08:50:14.794000,indeed,Front Desk and Office Coordinator (Part-Time),MobiBlossom Solutions Inc.,"Vancouver, BC, CA",ca.indeed.com,applied,1496fa11ecd0
2026-08-11T08:36:50.449000,indeed,Customer Service Representative,The GOOD Chocolatier,"Vancouver, BC, CA",ca.indeed.com,applied,5a28eeea1678
2026-08-11T08:25:26.460000,indeed,Front Desk Agent,Coast Hotels,"North Vancouver, BC, CA",ca.indeed.com,applied,8655b141f11e
2026-08-11T08:22:16.548000,indeed,Executive Administrative Assistant - Invitation Project,Christian Career,"Langley, BC, CA",ca.indeed.com,applied,d85e924ce71b
2026-08-11T08:19:47.285000,indeed,Administrative Assistant,BDDM Financial Consultants,"Vancouver, BC, CA",ca.indeed.com,applied,d12a52ec992d
2026-08-11T08:02:26.478000,workopolis,Security Systems Service Technician,Kendrix Technologies,"Burnaby, BC",workopolis.com,applied,458696efb6b6
2026-08-11T07:43:21.732000,workopolis,"Implementation Technician (Vancouver, BC)",BFG Enterprise Services,"Vancouver, BC",workopolis.com,applied,d4929ee18bf6
2026-08-11T07:42:11.214000,workopolis,Software Developer,Dentixion group ltd,"North Vancouver, BC",workopolis.com,applied,bcb34161b868
2026-08-11T07:40:51.254000,workopolis,HRIS Specialist,LMI Technologies,"Burnaby, BC",workopolis.com,applied,029085cd5d6b
2026-08-11T07:39:35.732000,workopolis,Service Desk Lead,Concert Properties LTD.,"Vancouver, BC",workopolis.com,applied,8b36eafead2d
2026-08-11T07:38:17.999000,workopolis,Systems Analyst,F12.net,"Vancouver, BC",workopolis.com,applied,4cb7971a946b
2026-08-11T07:37:03.321000,workopolis,IT Specialist,veritree,"Vancouver, BC",workopolis.com,applied,1be3c99f8d3a
2026-08-11T07:35:42.274000,workopolis,IT Coordinator,RAM Consulting,"Vancouver, BC",workopolis.com,applied,ddc44d992a2a
2026-08-11T07:30:27.308000,workopolis,Technical Support Representative,FISPAN,"Vancouver, BC",workopolis.com,applied,4e789c6f9a64
2026-08-11T07:26:16.743000,workopolis,IT Support Technician,GEI Consultants,"Vancouver, BC",workopolis.com,applied,9466bfaa4635
2026-08-11T07:22:01.121000,workopolis,IT - Application Support Specialist,Northland Properties,"Vancouver, BC",workopolis.com,applied,de7f24dfaf0c
2026-08-11T07:18:24.450000,workopolis,IT - Support Analyst 1,Northland Properties,"Vancouver, BC",workopolis.com,applied,0fdfad8f084a
2026-08-11T07:13:17.258000,workopolis,Technical Support Analyst I,Family Insurance Solutions,"Vancouver, BC",workopolis.com,applied,03ffcfbfc66a
2026-08-11T07:11:33.954000,workopolis,IT Help Desk Specialist,Canucks Sports & Entertainment,"Vancouver, BC",workopolis.com,applied,46ec1a5c9a13
2026-08-11T07:10:17.108000,workopolis,IT Service Desk,Dilawri Group of Companies - BC Region,"Vancouver, BC",workopolis.com,applied,dfbdb8d0e4e2
2026-08-11T07:07:09.431000,workopolis,IT Support Engineer,Tecnics integrations,"Vancouver, BC",workopolis.com,applied,59412d04e6d5
2026-08-11T07:05:56.101000,workopolis,Junior IT Support,Bevo Farms Ltd,"Langley, BC",workopolis.com,applied,ce6a44c91c42
2026-08-11T07:04:37.801000,workopolis,Junior System Administrator,Grey Owl AI Ltd,"Vancouver, BC",workopolis.com,applied,bd9741faac2a
2026-08-11T04:40:27.502000,greenhouse,"Software Engineer, User Profile",stackadapt,"Vancouver, BC",job-boards.greenhouse.io,applied,462f5a409298
2026-08-11T04:27:21.188000,greenhouse,"Software Engineer, Backend",stackadapt,"Vancouver, BC",job-boards.greenhouse.io,applied,3272cbeb78f0
